machine_name,name,project_url,created,changed,author,install_count_7x,security_coverage,maintenance_status,development_status,has_screenshots
bootstrap,Bootstrap,https://www.drupal.org/project/bootstrap,2012-11-12,2025-11-09,wundo,35543,covered,Actively maintained,Under active development,true
beta,Beta,https://www.drupal.org/project/beta,2010-04-11,2014-12-01,himerus,4,not-covered,Actively maintained,Under active development,true
koi,Koi,https://www.drupal.org/project/koi,2010-04-10,2014-12-02,jarek foksa,30,covered,Seeking new maintainer,No further development,false
smashing_dilectio,Smashing Dilectio,https://www.drupal.org/project/smashing_dilectio,2010-04-07,2017-03-28,Unsupported Projects,,not-covered,,Obsolete,true
danland,Danland,https://www.drupal.org/project/danland,2010-04-06,2022-12-27,danpros,1989,covered,Minimally maintained,Maintenance fixes only,true
corolla,Corolla,https://www.drupal.org/project/corolla,2010-03-28,2017-11-23,Jeff Burnz,1419,covered,Actively maintained,Under active development,true
alphorn,Alphorn,https://www.drupal.org/project/alphorn,2010-03-27,2014-12-02,hungdo,49,covered,Actively maintained,Under active development,true
templist,Templist,https://www.drupal.org/project/templist,2010-03-23,2018-06-19,zyxware,3,covered,Minimally maintained,Maintenance fixes only,true
chocotheme,CHOCOTheme,https://www.drupal.org/project/chocotheme,2010-03-18,2015-12-16,zyxware,2,covered,Actively maintained,Under active development,true
shakennotstirred,Shaken not stirred,https://www.drupal.org/project/shakennotstirred,2010-03-12,2019-08-12,adcillc,15,covered,Minimally maintained,Maintenance fixes only,true
jq_theme,jQ Theme,https://www.drupal.org/project/jq_theme,2010-03-12,2016-03-10,zyxware,2,covered,Minimally maintained,Maintenance fixes only,true
icandy,iCandy,https://www.drupal.org/project/icandy,2010-03-09,2015-12-16,zyxware,4,covered,Actively maintained,Under active development,true
chamfer,Chamfer,https://www.drupal.org/project/chamfer,2010-02-22,2016-02-23,btopro,6,covered,Actively maintained,Under active development,true
bartik,Bartik,https://www.drupal.org/project/bartik,2010-02-22,2025-09-18,jensimmons,9,covered,Minimally maintained,Maintenance fixes only,true
web110,web110,https://www.drupal.org/project/web110,2010-02-20,2014-11-27,tlattimore,3,covered,,Under active development,true
simpler,Simpler,https://www.drupal.org/project/simpler,2010-02-18,2014-12-02,danpros,21,not-covered,Actively maintained,Under active development,true
admire_grunge,Admire Grunge,https://www.drupal.org/project/admire_grunge,2010-02-13,2014-12-02,sakib000,68,covered,Minimally maintained,Maintenance fixes only,true
conch,ST Conch,https://www.drupal.org/project/conch,2010-02-10,2014-12-02,hungdo,14,covered,Actively maintained,Under active development,true
busy,Busy,https://www.drupal.org/project/busy,2010-01-17,2022-01-10,stborchert,343,covered,Minimally maintained,Under active development,true
at_panels_everywhere,AT Panels Everywhere,https://www.drupal.org/project/at_panels_everywhere,2010-01-14,2014-12-02,Jeff Burnz,50,not-covered,Actively maintained,Under active development,false
orange,Orange,https://www.drupal.org/project/orange,2009-12-11,2014-12-02,nomonstersinme,26,covered,,,false
bluecheese,Bluecheese,https://www.drupal.org/project/bluecheese,2009-12-05,2025-07-03,drumm,1,covered,Actively maintained,Under active development,false
gardening,Gardening,https://www.drupal.org/project/gardening,2009-11-24,2014-12-02,cssdru,6,covered,Actively maintained,Under active development,true
async,A Sync Template,https://www.drupal.org/project/async,2009-11-23,2014-12-02,finex,26,covered,Actively maintained,Under active development,true
abstract,Abstract,https://www.drupal.org/project/abstract,2009-11-17,2019-02-22,ipwa,1,covered,Actively maintained,Under active development,true
gateway,Gateway,https://www.drupal.org/project/gateway,2009-11-16,2019-01-26,ipwa,16,covered,Actively maintained,Under active development,true
diary,Diary,https://www.drupal.org/project/diary,2009-11-09,2014-11-27,jix_,2,not-covered,Unsupported,No further development,true
travel,Drupal Travel,https://www.drupal.org/project/travel,2009-11-03,2014-11-27,cssdru,2,covered,Minimally maintained,Maintenance fixes only,true
panels_960gs,Panels 960gs (HTML5),https://www.drupal.org/project/panels_960gs,2009-10-21,2014-12-02,bensnyder,5,covered,Minimally maintained,No further development,false
active_n_rebuild,Active nRebuild,https://www.drupal.org/project/active_n_rebuild,2009-10-18,2014-12-02,maxrys,1,covered,Unsupported,No further development,true
a_cloudy_day,A cloudy day,https://www.drupal.org/project/a_cloudy_day,2009-10-11,2015-06-05,konst_8,,covered,Actively maintained,Maintenance fixes only,true
blogbuzz,BlogBuzz,https://www.drupal.org/project/blogbuzz,2009-10-09,2014-12-02,antsin,114,not-covered,,,true
charity,Charity,https://www.drupal.org/project/charity,2009-10-08,2024-04-03,spleshka,1,not-covered,Seeking new maintainer,No further development,true
html5,HTML5,https://www.drupal.org/project/html5,2009-10-02,2014-12-02,jacine,10,not-covered,Actively maintained,Under active development,true
earthish,Earthish,https://www.drupal.org/project/earthish,2009-10-01,2014-12-02,ishmael-sanchez,16,covered,Minimally maintained,Under active development,true
abaca,Abaca,https://www.drupal.org/project/abaca,2009-09-23,2014-11-27,jaemmer,1,not-covered,,,true
dingus,Dingus,https://www.drupal.org/project/dingus,2009-09-21,2016-04-18,yoroy,10,covered,Unsupported,No further development,true
polpo,Polpo Admin Theme,https://www.drupal.org/project/polpo,2009-09-14,2017-02-06,kim.pepper,16,not-covered,Actively maintained,Maintenance fixes only,true
jq4dat,jQuery for Designers and Themers,https://www.drupal.org/project/jq4dat,2009-09-09,2014-12-02,Bevan,1,not-covered,Minimally maintained,Maintenance fixes only,true
summertime,Summertime,https://www.drupal.org/project/summertime,2009-08-25,2015-07-12,restyler,35,not-covered,Seeking co-maintainer(s),Maintenance fixes only,true
cti_flex,CTI Flex,https://www.drupal.org/project/cti_flex,2009-08-21,2014-12-02,ajross,146,covered,Minimally maintained,No further development,true
nifty50,Nifty 50,https://www.drupal.org/project/nifty50,2009-08-20,2014-11-27,jasonsavino,1,covered,Actively maintained,Under active development,true
dessert,Dessert,https://www.drupal.org/project/dessert,2009-08-10,2014-12-02,xabooth,4,not-covered,,,true
fusion,Fusion,https://www.drupal.org/project/fusion,2009-07-30,2018-07-17,Poieo,1121,covered,Seeking new maintainer,No further development,true
andreas1024px,Andreas 1024px,https://www.drupal.org/project/andreas1024px,2009-07-29,2017-02-20,nickbits,,covered,Unsupported,No further development,true
scaccarium,Scaccarium,https://www.drupal.org/project/scaccarium,2009-07-29,2024-05-16,,1,not-covered,Seeking new maintainer,No further development,true
jp_mobile,Japanese Mobile,https://www.drupal.org/project/jp_mobile,2009-07-21,2014-12-02,jajathejazzcat,5,covered,Actively maintained,Under active development,true
adaptivetheme,AdaptiveTheme,https://www.drupal.org/project/adaptivetheme,2009-07-15,2021-11-02,Jeff Burnz,9586,covered,Actively maintained,Under active development,true
inkribbon,Ink Ribbon,https://www.drupal.org/project/inkribbon,2009-07-07,2014-12-02,jix_,1,not-covered,Unsupported,Obsolete,false
wilderness,Wilderness,https://www.drupal.org/project/wilderness,2009-07-03,2014-12-02,agileware,71,not-covered,,,true
energetic,Energetic,https://www.drupal.org/project/energetic,2009-07-03,2014-12-02,agileware,6,not-covered,Seeking co-maintainer(s),No further development,true
omega,Omega,https://www.drupal.org/project/omega,2009-06-30,2023-03-27,himerus,12913,covered,Actively maintained,Under active development,true
airyblue,Airy Blue,https://www.drupal.org/project/airyblue,2009-06-30,2015-03-24,geerlingguy,17,covered,Actively maintained,Maintenance fixes only,true
bookstore,Bookstore,https://www.drupal.org/project/bookstore,2009-06-27,2014-12-02,progga,5,not-covered,,,true
starkish,Starkish,https://www.drupal.org/project/starkish,2009-06-11,2017-05-25,mcrittenden,22,not-covered,Actively maintained,Under active development,true
arthemia,Arthemia,https://www.drupal.org/project/arthemia,2009-06-07,2019-10-12,naheemsays,38,not-covered,Unsupported,Obsolete,true
zeropoint,Zero Point,https://www.drupal.org/project/zeropoint,2009-06-01,2025-02-23,florian,897,covered,Actively maintained,Under active development,true
acquia_prosper,Acquia Prosper,https://www.drupal.org/project/acquia_prosper,2009-05-28,2014-12-02,stephthegeek,62,not-covered,Unsupported,No further development,true
fueldeluxe,FuelDeLuxe,https://www.drupal.org/project/fueldeluxe,2009-05-27,2014-12-01,gazwal,3,covered,Minimally maintained,No further development,true
scratch,Scratch,https://www.drupal.org/project/scratch,2009-05-22,2014-11-27,rolfmeijer,2,covered,Actively maintained,Under active development,true
ninesixtyrobots,960 Robots,https://www.drupal.org/project/ninesixtyrobots,2009-05-22,2014-12-02,jjeff,13,covered,Minimally maintained,Maintenance fixes only,true
yui_grid,YUI Grid,https://www.drupal.org/project/yui_grid,2009-05-04,2014-12-29,berenddeboer,1,covered,Actively maintained,Under active development,true
eldir,Eldir,https://www.drupal.org/project/eldir,2009-05-04,2025-09-19,yhahn,118,covered,Actively maintained,Under active development,true
ishalist,Ishalist,https://www.drupal.org/project/ishalist,2009-04-16,2015-01-28,ishmael-sanchez,4,covered,Minimally maintained,Under active development,true
elements_theme,Elements Theme,https://www.drupal.org/project/elements_theme,2009-04-09,2021-12-03,ipwa,6,covered,Actively maintained,Under active development,true
mothership,mothership,https://www.drupal.org/project/mothership,2009-04-03,2014-12-02,mortendk,743,covered,Actively maintained,Under active development,true
biz,BIZ-Theme,https://www.drupal.org/project/biz,2009-04-01,2014-12-02,Evgenij,2,covered,Actively maintained,Under active development,true
layoutstudio,LayoutStudio,https://www.drupal.org/project/layoutstudio,2009-03-25,2014-12-02,rhache,40,covered,Unsupported,No further development,false
beach,Beach,https://www.drupal.org/project/beach,2009-03-25,2014-12-02,itapplication,9,not-covered,Actively maintained,Under active development,true
austin,Austin Zen Sub Theme,https://www.drupal.org/project/austin,2009-03-19,2014-12-02,caroltron,13,not-covered,Minimally maintained,No further development,false
pushbutton,Pushbutton,https://www.drupal.org/project/pushbutton,2009-03-11,2015-10-22,sachand,30,not-covered,Actively maintained,Under active development,true
waffles,Waffles,https://www.drupal.org/project/waffles,2009-03-10,2021-05-23,garamond,11,not-covered,Seeking new maintainer,No further development,true
pockett,PocketT,https://www.drupal.org/project/pockett,2009-03-10,2014-11-28,crashtest_,1,covered,Actively maintained,Under active development,false
andreas,Andreas,https://www.drupal.org/project/andreas,2009-03-09,2017-02-20,nickbits,3,not-covered,Unsupported,No further development,true
daleri_structure,Daleri Structure,https://www.drupal.org/project/daleri_structure,2009-03-09,2020-11-19,nickbits,,covered,Unsupported,Obsolete,false
chameleon,Chameleon,https://www.drupal.org/project/chameleon,2009-03-08,2025-08-30,johnalbin,32,not-covered,Actively maintained,Under active development,true
stark,Stark,https://www.drupal.org/project/stark,2009-01-31,2014-12-02,johnalbin,18,not-covered,Minimally maintained,Under active development,true
changeme,changeme,https://www.drupal.org/project/changeme,2009-01-29,2014-12-01,Rob_Feature,54,not-covered,Actively maintained,Under active development,true
ninesixty,NineSixty (960 Grid System),https://www.drupal.org/project/ninesixty,2009-01-26,2016-01-20,dvessel,198,covered,Actively maintained,Under active development,false
mulpo,mulpo,https://www.drupal.org/project/mulpo,2009-01-23,2021-12-03,ipwa,5,covered,Minimally maintained,Under active development,true
decayed,Decayed,https://www.drupal.org/project/decayed,2009-01-22,2014-12-02,moldham,2,covered,Minimally maintained,Under active development,true
cherryblossom,Cherry Blossom,https://www.drupal.org/project/cherryblossom,2009-01-20,2021-12-21,sillygwailo,2,covered,Actively maintained,Under active development,true
dropshadow,Dropshadow,https://www.drupal.org/project/dropshadow,2009-01-14,2021-10-15,ipwa,1,not-covered,Unsupported,Obsolete,true
grassland,Grassland,https://www.drupal.org/project/grassland,2009-01-14,2015-07-15,ipwa,10,not-covered,Actively maintained,Under active development,true
ebizon_redfire,Ebizon RedFire,https://www.drupal.org/project/ebizon_redfire,2009-01-10,2014-12-02,sudeepg,,not-covered,Seeking co-maintainer(s),Maintenance fixes only,true
ebizon_exotic_red,Ebizon Exotic Red,https://www.drupal.org/project/ebizon_exotic_red,2009-01-10,2014-11-27,sudeepg,,not-covered,Actively maintained,Maintenance fixes only,true
bluefreedom3,Blue Freedom 3 (Rounded Corners),https://www.drupal.org/project/bluefreedom3,2009-01-05,2014-12-02,tomrogers123,2,covered,Actively maintained,Under active development,true
addari,Addari,https://www.drupal.org/project/addari,2009-01-02,2014-12-02,sakib000,13,covered,,Under active development,true
superclean,SuperClean,https://www.drupal.org/project/superclean,2008-11-19,2014-12-02,Rob_Feature,10,not-covered,Actively maintained,Under active development,true
colourise,Colourise,https://www.drupal.org/project/colourise,2008-11-19,2014-12-02,Sungsit,43,covered,Actively maintained,Under active development,true
darkblue,Dark Blue,https://www.drupal.org/project/darkblue,2008-11-03,2018-07-11,manuel garcia,4,covered,Seeking new maintainer,No further development,true
genesis,Genesis,https://www.drupal.org/project/genesis,2008-10-19,2014-12-02,Jeff Burnz,465,covered,Actively maintained,Under active development,true
acquia_marina,Acquia Marina,https://www.drupal.org/project/acquia_marina,2008-10-01,2014-12-02,stephthegeek,183,not-covered,Unsupported,No further development,true
blank,Embeddable Blank Theme,https://www.drupal.org/project/blank,2008-09-09,2014-12-01,Bevan,51,not-covered,Actively maintained,Under active development,false
bluemarine_ets,Bluemarine ETS,https://www.drupal.org/project/bluemarine_ets,2008-09-04,2014-11-27,robloach,1,not-covered,,,false
painted,Painted Wall,https://www.drupal.org/project/painted,2008-08-31,2019-09-29,Unsupported Projects,5,covered,Unsupported,Obsolete,false
tma,The Morning After,https://www.drupal.org/project/tma,2008-08-26,2014-12-02,bengtan,117,not-covered,Minimally maintained,Maintenance fixes only,true
easybreeze,Easy Breeze,https://www.drupal.org/project/easybreeze,2008-08-17,2014-12-02,hswong3i,14,covered,Actively maintained,Under active development,true
pixture_reloaded,Pixture Reloaded,https://www.drupal.org/project/pixture_reloaded,2008-08-14,2017-11-23,Jeff Burnz,1310,covered,Actively maintained,Under active development,true
nigraphic,niGraphic Studio Theme,https://www.drupal.org/project/nigraphic,2008-08-14,2014-12-02,nimazuk,1,covered,Actively maintained,Under active development,true
shallowgrunge,Shallow Grunge,https://www.drupal.org/project/shallowgrunge,2008-08-12,2014-12-02,Cory Goodwin,6,covered,Actively maintained,Under active development,true
newswire,Newswire,https://www.drupal.org/project/newswire,2008-07-30,2014-12-02,Jeff Burnz,17,not-covered,,Under active development,false
ablock,A Block,https://www.drupal.org/project/ablock,2008-07-22,2019-09-29,Unsupported Projects,,not-covered,Unsupported,Obsolete,false
colorfulness_theme,Colorfulness,https://www.drupal.org/project/colorfulness_theme,2008-07-22,2014-12-02,nimazuk,3,covered,Minimally maintained,Maintenance fixes only,true
abarre,Abarre,https://www.drupal.org/project/abarre,2008-07-18,2024-04-25,,7,covered,Unsupported,No further development,true
moleskine,Moleskine,https://www.drupal.org/project/moleskine,2008-07-10,2019-04-01,Unsupported Projects,3,not-covered,Unsupported,No further development,true
camsel,camsel,https://www.drupal.org/project/camsel,2008-06-24,2014-11-27,scbc,10,not-covered,,Under active development,true
nitobe,Nitobe,https://www.drupal.org/project/nitobe,2008-06-23,2014-12-02,todd nienkerk,33,covered,Seeking new maintainer,No further development,false
clean,Clean,https://www.drupal.org/project/clean,2008-06-20,2014-12-02,psynaptic,56,covered,Actively maintained,Under active development,true
abessive,Abessive,https://www.drupal.org/project/abessive,2008-06-12,2014-11-28,nicholasthompson,3,covered,,,true
basic,Basic,https://www.drupal.org/project/basic,2008-06-09,2025-07-17,SteveK,591,covered,Actively maintained,Under active development,true
ad_the_morning_after,AD The Morning After,https://www.drupal.org/project/ad_the_morning_after,2008-06-09,2014-12-02,Alan Cooney,,not-covered,,,true
multiflex3,Multiflex-3,https://www.drupal.org/project/multiflex3,2008-06-05,2014-12-02,hswong3i,34,covered,Actively maintained,Under active development,true
ad_novus,AD Novus,https://www.drupal.org/project/ad_novus,2008-06-03,2014-12-02,Alan Cooney,12,not-covered,,,true
ad_blueprint,AD Blueprint,https://www.drupal.org/project/ad_blueprint,2008-06-03,2014-12-02,Alan Cooney,1,not-covered,,,true
forest_floor,Forest Floor,https://www.drupal.org/project/forest_floor,2008-04-29,2014-12-02,Alan Cooney,11,not-covered,,,true
tarski,Tarski,https://www.drupal.org/project/tarski,2008-04-25,2014-12-02,jarek foksa,45,covered,Seeking new maintainer,No further development,false
hexagon,Hexagon,https://www.drupal.org/project/hexagon,2008-04-22,2014-12-01,dvessel,2,not-covered,Actively maintained,Under active development,true
interactive_media,Interactive Media,https://www.drupal.org/project/interactive_media,2008-04-22,2014-12-02,hswong3i,27,covered,Actively maintained,Under active development,true
beginning,Beginning,https://www.drupal.org/project/beginning,2008-04-19,2018-08-22,itapplication,40,covered,Actively maintained,Under active development,true
alina,Alina,https://www.drupal.org/project/alina,2008-04-15,2014-12-02,dm66,,covered,Minimally maintained,Maintenance fixes only,true
andreas02,Andreas02,https://www.drupal.org/project/andreas02,2008-02-29,2020-11-19,nickbits,3,covered,Unsupported,Obsolete,true
tapestry,Tapestry,https://www.drupal.org/project/tapestry,2008-02-22,2025-01-12,kisugiai,28,covered,Seeking co-maintainer(s),Maintenance fixes only,true
framework,Framework,https://www.drupal.org/project/framework,2008-02-20,2014-12-02,andregriffin,1011,covered,Minimally maintained,No further development,true
acta,Acta,https://www.drupal.org/project/acta,2008-02-12,2016-06-27,derekwebb1,1,covered,Minimally maintained,Maintenance fixes only,true
fourseasons,Four Seasons,https://www.drupal.org/project/fourseasons,2008-02-02,2015-02-11,derjochenmeyer,40,not-covered,Unsupported,No further development,false
rootcandy,RootCandy,https://www.drupal.org/project/rootcandy,2008-01-15,2014-12-02,sign,127,not-covered,Actively maintained,Under active development,true
eve_igb,EvE IGB,https://www.drupal.org/project/eve_igb,2007-11-05,2014-12-01,bdragon,1,not-covered,Actively maintained,Under active development,false
ad_agency,Ad Agency,https://www.drupal.org/project/ad_agency,2007-10-31,2019-05-01,stella,2,covered,Unsupported,No further development,true
marinelli,Marinelli,https://www.drupal.org/project/marinelli,2007-10-23,2017-12-19,oadaeh,1649,covered,Actively maintained,Under active development,true
blueprint,Blueprint,https://www.drupal.org/project/blueprint,2007-10-04,2014-12-02,designerbrent,13,not-covered,Seeking co-maintainer(s),Under active development,true
sky,Sky,https://www.drupal.org/project/sky,2007-09-29,2014-12-02,Jeff Burnz,765,covered,Actively maintained,Under active development,true
newsflash,NewsFlash,https://www.drupal.org/project/newsflash,2007-08-23,2025-04-28,kisugiai,122,covered,Minimally maintained,Maintenance fixes only,true
deco,Deco,https://www.drupal.org/project/deco,2007-08-12,2022-01-25,klaasvw,31,not-covered,Minimally maintained,Under active development,true
spring_bloom,Spring Bloom,https://www.drupal.org/project/spring_bloom,2007-08-03,2018-10-12,progga,1,covered,Actively maintained,Under active development,true
litejazz,litejazz,https://www.drupal.org/project/litejazz,2007-07-19,2025-01-12,kisugiai,36,covered,Minimally maintained,Maintenance fixes only,true
mobi,.mobi,https://www.drupal.org/project/mobi,2007-04-16,2014-12-02,deekayen,2,not-covered,Unsupported,No further development,true
blue_zinfandel,Blue Zinfandel,https://www.drupal.org/project/blue_zinfandel,2007-03-18,2019-10-16,ipwa,1,not-covered,Unsupported,Obsolete,true
aurora,Aurora,https://www.drupal.org/project/aurora,2007-03-16,2015-07-17,iamcarrico,1228,covered,Actively maintained,Under active development,true
green,Green,https://www.drupal.org/project/green,2007-03-12,2015-02-01,itapplication,27,covered,Actively maintained,Under active development,true
glossyblue,GlossyBlue,https://www.drupal.org/project/glossyblue,2007-01-24,2014-12-02,itapplication,5,covered,Minimally maintained,No further development,true
aberdeen,Aberdeen,https://www.drupal.org/project/aberdeen,2007-01-22,2014-12-02,ishmael-sanchez,19,covered,Seeking new maintainer,Under active development,true
bluelake,Blue Lake,https://www.drupal.org/project/bluelake,2006-10-21,2014-11-27,owahab,1,not-covered,,,true
bluebreeze,BlueBreeze,https://www.drupal.org/project/bluebreeze,2006-10-18,2014-12-02,itapplication,14,covered,Actively maintained,Under active development,true
zen,Zen,https://www.drupal.org/project/zen,2006-10-11,2022-04-15,johnalbin,17118,covered,Minimally maintained,Maintenance fixes only,true
mobile,Mobile,https://www.drupal.org/project/mobile,2006-10-07,2014-12-02,sillygwailo,240,covered,Actively maintained,Under active development,true
internet_services,Internet Services,https://www.drupal.org/project/internet_services,2006-06-22,2014-12-02,hswong3i,8,covered,Actively maintained,Under active development,true
ocadia,Ocadia,https://www.drupal.org/project/ocadia,2006-06-20,2019-04-30,Scar_T,6,covered,Unsupported,No further development,true
contented7,Contented7,https://www.drupal.org/project/contented7,2006-06-09,2014-12-02,hswong3i,8,covered,Actively maintained,Under active development,true
noprob,NoProb,https://www.drupal.org/project/noprob,2006-02-24,2014-12-02,Eric3,1,not-covered,,,true
bluemarine,Bluemarine,https://www.drupal.org/project/bluemarine,2003-09-28,2022-01-10,oadaeh,101,covered,Actively maintained,Maintenance fixes only,true
