score	rank	listing_page	project_machine_name	title	project_url	reasons	teaser
147	710	28	nigraphic	niGraphic Studio Theme	https://www.drupal.org/project/nigraphic	simple+responsive+older+	niGraphic Studio Theme is a very light-weight, CSS-based, tableless template, with 2 columns made by niGraphic Design. Try out a demonstration Features Fixed width with 2 columns Random rotating...
147	714	28	colorfulness_theme	Colorfulness	https://www.drupal.org/project/colorfulness_theme	simple+responsive+older+	Colorfulness Theme is a very light-weight, CSS-based, tableless template, with 2 or 3 columns made by niGraphic Design. Try out a demonstration Features Supports RTL & LTR languages Fixed width...
147	721	28	basic	Basic	https://www.drupal.org/project/basic	simple+responsive+older+	Basic boasts a clean HTML5 structure with extensible CSS classes for unlimited theming possibilities as well as a top-down load order for improved SEO. It is fully responsive out-of-the-box and...
146	697	27	bluefreedom3	Blue Freedom 3 (Rounded Corners)	https://www.drupal.org/project/bluefreedom3	simple+responsive+older+	A simple, fixed width, theme with a blue header. This theme was inspired by the of works of the Open Source Web Design community. This theme is almost an exact port of the static template into...
146	653	26	dessert	Dessert	https://www.drupal.org/project/dessert	simple+responsive+older+	Dessert is a theme created by Outcome3. Dessert is a simple, fixed width, layout, with a dessert themed colour scheme. A Demo of this theme is available.
146	661	26	energetic	Energetic	https://www.drupal.org/project/energetic	simple+responsive+older+	The Energetic Drupal theme features a clean, light layout with a blue and orange colour scheme. Features: Support for logo, primary links, mission, shortcut icon and user pictures Fixed width...
146	674	26	ishalist	Ishalist	https://www.drupal.org/project/ishalist	simple+responsive+older+	A Minimalism theme for people who can appreciate simplicity. Features Fixed width and sidebar-less Tabs for primary links Large typography and plenty of whitespace CSS based (table less design) The...
145	626	25	simpler	Simpler	https://www.drupal.org/project/simpler	simple+responsive+older+	Simpler is a simple, tableless, multi column and fluid width theme. This theme is designed to pamper the reader, this can be seen from the choice of font family, font size and color. Visit Demo...
145	601	24	floater	Floater Theme	https://www.drupal.org/project/floater	simple+responsive+older+	This is a basic theme intended for sites that want to get away from the column feel, yet want to have a fluid look. This approach uses fixed-width content area to help ensure readability, while...
145	607	24	redsalute	Red Salute	https://www.drupal.org/project/redsalute	simple+responsive+older+	Red Salute is a port of the Bubbles template from Joomla. It is a clean theme with a div based, fixed width, 2-column layout (content+right sidebar). The original Joomla theme was created by...
145	618	24	templist	Templist	https://www.drupal.org/project/templist	simple+responsive+older+	This is a port of the templist theme from Joomla. Templist is a clean theme with a div based, fixed width, 2-column layout (content+left sidebar) with rounded corners and 3 color design. The...
145	620	24	shakennotstirred	Shaken not stirred	https://www.drupal.org/project/shakennotstirred	simple+responsive+older+	"Shaken not stirred" theme is nice, clean and modern drupal theme. Fixed width (865px) Tableless (css based) Tested in firefox 3+, chrome, opera9.x, safari3, ie6+ Created by ADCI solutions team
145	621	24	jq_theme	jQ Theme	https://www.drupal.org/project/jq_theme	simple+responsive+older+	This is a port of the popular jQ theme from Wordpress. jQ is a clean theme with a div based, fixed width, 2-column layout (content+right sidebar). The original wordpress theme was created by...
145	622	24	icandy	iCandy	https://www.drupal.org/project/icandy	simple+responsive+older+	7.x port released This is a port of the popular iCandy theme from Wordpress. iCandy is a clean theme with a div based, fixed width, 2-column layout (content+right sidebar). The original wordpress...
143	549	21	bartik_fb	Bartik Facebook	https://www.drupal.org/project/bartik_fb	simple+responsive+older+	This is a simple subtheme of Bartik theme that comes with Drupal 7 for using with Drupal for Facebook module. This subtheme is a fixed width, 760px wide theme, to be used for iframe based Facebook...
143	503	20	academia	Academia	https://www.drupal.org/project/academia	simple+responsive+older+	Academia is a clean and elegant theme focused on clarity and readability. It is suitable for informational sites with lots of text to convey to users. Clean and elegant Fixed width main column for...
143	505	20	b2_drupal_plus	b2 Drupal Plus	https://www.drupal.org/project/b2_drupal_plus	simple+responsive+older+	Drupal Plus is a Google Plus inspired theme. It is a really clean and simple Drupal theme with few colors, easy to read, nice for web applications too. It has a fixed width, supports logo, drop...
143	517	20	profolio	Profolio	https://www.drupal.org/project/profolio	simple+responsive+older+	Profolio is a clean and neutral XHTML 1.0 Strict Drupal 7 theme. Features: Multiple columns Tableless design XHTML Strict 1.0 Up to 10 different block regions Browser Compatible: Firefox, Chrome,...
142	482	19	fold	Fold	https://www.drupal.org/project/fold	simple+responsive+older+	Fold is a fixed width (980px) theme. The theme is not dependent on any core theme or module. Its very light weight with modern look. The theme support one / two / three column. Drop Down menu. 11+...
142	454	18	plasma	Plasma	https://www.drupal.org/project/plasma	simple+responsive+older+	Plasma is a Drupal 7 theme by Drupar. Plasma is a fixed width (980px) theme. The theme is not dependent on any core theme. Its very light weight for fast loading with modern look. 2 column. Multi...
142	461	18	arti	Arti: minimal design, responsive theme	https://www.drupal.org/project/arti	simple+responsive+older+	This theme is succeeded by DXPR Theme. DXPR Theme offers a modern, responsive, and highly customizable theming solution for Drupal, with extensive options for layouts, color schemes, and typography...
142	462	18	parish_theme	Parish Theme	https://www.drupal.org/project/parish_theme	simple+responsive+older+	The main theme for the Open Parish initiative. This theme is responsive, minimal and sleek, allowing parish websites to easily dive into the world of responsive and semantic HTML5 markup, using...
142	468	18	touch	Touch	https://www.drupal.org/project/touch	simple+responsive+older+	Touch is a great looking Drupal 7 theme. The theme is not dependent on any core theme. Its very light weight with modern look and feel. Fixed width (980px). 3 column homepage layout Post thumbnail....
141	439	17	adaptic	adaptIC	https://www.drupal.org/project/adaptic	simple+responsive+older+	adaptIC is a simple responsive theme. The ultimate goal for this theme is to create a clean starting point for someone to create their own responsive website without worrying about too many...
141	448	17	zebilla	Zebilla	https://www.drupal.org/project/zebilla	simple+responsive+older+	A clean, tableless, multi-column Drupal theme. Multiple columns - 1, 2, and 3 Tableless design XHTML + RDFa validated Google web-fonts Customizable social media integration - Facebook, Twitter,...
141	420	16	hiya	Hiya	https://www.drupal.org/project/hiya	simple+responsive+older+	Hiya is a simple one/two column drupal 7 theme with the following features. based on 960.gs single or two columns based on sidebar uses CSS3 uses Google web fonts
140	380	15	sankofa	Sankofa	https://www.drupal.org/project/sankofa	simple+responsive+older+	Sankofa is a clean, tableless, multi-column theme with a wide image slideshow ready for use. Features Multiple columns - 1, 2, and 3 Tableless design Ready to use slideshow Customizable social...
140	395	15	mfirst	mfirst	https://www.drupal.org/project/mfirst	simple+responsive+older+	The mfirst Drupal 7 theme is designed and developed with Mobile First in mind. CSS and JS are held to a minimum. Basic styles are larger with more contrast for the smaller screens of modern smart...
140	400	15	havasu	Havasu	https://www.drupal.org/project/havasu	simple+responsive+older+	Havasu is a clean, bright theme for Drupal 7 that includes a built-in jQuery image slideshow. Havasu demo site Features A CSS-based, tableless theme Built-in image slideshow 1, 2 or 3 column layout...
140	358	14	black_lagoon	Black Lagoon	https://www.drupal.org/project/black_lagoon	simple+responsive+older+	Black Lagoon is a clean theme with a div based, fixed width, 3-column layout. The home page has a provision for a sideshow block. It is designed and developed by Zyxware Technologies. The theme has...
140	368	14	lightword	Lightword	https://www.drupal.org/project/lightword	simple+responsive+older+	This is a port of popular Lightword theme from wordpress. Lightword is a clean div based fixed width, 2 column layout theme with a an option to switch to a wider layout. The original wordpress...
140	372	14	elegant_blue	Elegant Blue	https://www.drupal.org/project/elegant_blue	simple+responsive+older+	About Elegant Blue Theme ==================== Elegant Blue is a fixed width (940px) theme. The theme is not dependent on any core theme. Its very light weight for fast loading with modern look. -...
139	727	29	tarski	Tarski	https://www.drupal.org/project/tarski	simple+older+	This is a Drupal implementation of one of the most recognizable WordPress themes: Tarski. VIEW DEMO ► Theme features: Simple and clean design Extensive stylings for all core modules: blocks, nodes,...
139	704	28	blank	Embeddable Blank Theme	https://www.drupal.org/project/blank	simple+older+	This theme has no regions, no CSS and no chrome. It is designed to be used to theme a drupal website (or some of it's pages) to appear embedded in other websites via iframes. World's simplest...
139	338	13	fdt_yellow	FDT Yellow	https://www.drupal.org/project/fdt_yellow	simple+responsive+older+	FDT Yellow is a clean theme with a div based, fixed width, 2-column layout. It is designed and developed by Zyxware Technologies. This theme is based on 960 Grid System. The theme has been tested...
139	339	13	fdt_grey	FDT Grey	https://www.drupal.org/project/fdt_grey	simple+responsive+older+	FDT Grey is a clean theme with a div based, fixed width, 2-column layout. It is designed and developed by Zyxware Technologies. This theme is based on 960 Grid System. The theme has been tested in...
139	315	12	professional_pro	Professional Pro	https://www.drupal.org/project/professional_pro	simple+responsive+older+	Professional Pro is Zymphonies theme. This theme is not dependent on any core theme. It is very light weight with modern look and feel. Read more Demo Advanced Themes Features HTML5 &amp; super...
138	677	27	biz	BIZ-Theme	https://www.drupal.org/project/biz	simple+older+	BIZ - simple, tabled Drupal Theme with left, right sidebar, top and footer links. This theme based on blue marine theme. If default logo don't changed, so it will created from simple php class and...
138	688	27	changeme	changeme	https://www.drupal.org/project/changeme	simple+older+	This theme is intended for those who want a simple layout with the ability to easily change simple aspects such as font colors, link colors, fonts, and header color without having to bother to dig...
138	698	27	addari	Addari	https://www.drupal.org/project/addari	simple+older+	Addari is another clean theme contributed to Drupal from Worthapost. This theme targets those who want cleanliness and web 2.0 mixture for their Drupal based website. Features Rounded Glassy...
138	699	27	superclean	SuperClean	https://www.drupal.org/project/superclean	simple+older+	SuperClean Development and maintenance for this theme is now taking place again. Drupal 7 release of SuperClean will be updated within a few days. The SuperClean theme is intended to be a clean...
138	669	26	fueldeluxe	FuelDeLuxe	https://www.drupal.org/project/fueldeluxe	simple+older+	FuelDeLuxe has to be considered as another blank canvas for theme developers. This is the theme I currently use for all my professional projects : simple to adapt from .PSDs, SEO friendly, theme...
138	279	11	pro	Professional Theme for Drupal	https://www.drupal.org/project/pro	simple+responsive+older+	Pro / Professional Theme for Drupal is a responsive theme built on clean HTML5 markup and extensible CSS classes and ID's for unlimited theming possibilities It has content first (top-down) load...
138	283	11	modern_theme	Modern Theme	https://www.drupal.org/project/modern_theme	simple+responsive+older+	Modern&nbsp;theme is a&nbsp;Zymphonies theme. This theme is not dependent on any core theme. It&#39;s very light weight with modern look and feel. Read more Demo Advanced Themes Features HTML5 &amp...
138	292	11	sirbones	Sir Bones	https://www.drupal.org/project/sirbones	simple+responsive+older+	SirBones is the basic of basic themes. It has the most barebones possible unless you don't have a theme! A few commonly asked questions. Is SirBones HTML5? It certainly is my fellow friend! But it...
138	295	11	adelante	Adelante Theme	https://www.drupal.org/project/adelante	simple+responsive+older+	Adelante Theme is a very light-weight, CSS-based, tableless template, with 2 columns made by niGraphic Design. Try out a demonstration
138	257	10	themage	Themage	https://www.drupal.org/project/themage	simple+responsive+older+	This theme contains standards-compliant HTML5 and CSS3 to generate beautiful and accessible web pages. Features include: Fully responsive pages that look great on any size screen. Short, simple,...
138	258	10	responsive_green	Responsive Green	https://www.drupal.org/project/responsive_green	simple+responsive+older+	Responsive Green is a professional responsive theme, which is not dependent on any core theme. It is a very lightweight theme for fast loading with a modern look. - Professional responsive theme -...
138	260	10	lexi_responsive_theme	Lexi Responsive Theme	https://www.drupal.org/project/lexi_responsive_theme	simple+responsive+older+	Lexi responsive theme is Zymphonies theme. This theme is not dependent on any core theme. It&#39;s very light weight with modern look and feel. Read more Demo Advanced Themes Features HTML5 &amp;...
138	270	10	professional_responsive_theme	Professional Responsive Theme	https://www.drupal.org/project/professional_responsive_theme	simple+responsive+older+	Professional Responsive Theme is Zymphonies theme. This theme is not dependent on any core theme. It is very light weight with modern look and feel. Read more Demo Advanced Themes Features HTML5 ...
